"Comment","Designator","Footprint","LCSC Part Number","Qty","path_to_docs"
"ESD122DMYR","F4","Robast:Texas_X2SON_DMY0003A","C1975871","1","Circuit_Protection/ESD_Protection_Diodes_TVS_Diodes/2-Channel/TI"
"TS-1187A-B-A-B","S2,S3","Robast:SW_TS-1187","C318884","2","Electromechanical/Switches/Tactile_Switches/TS-1187A-B-A-B"
"PESD2CANFD24L-TR","U1","Robast:SOT23","C3711787","1","Circuit_Protection/ESD_Protection_Diodes_TVS_Diodes/Nexperia"
"15uH@3.0A","L1","Robast:IND_ETQP3M150KVN","C542310","1","Passive_Components/Inductors/Power_Inductors_SMD/Panasonic"
"2A","F2","Robast:Fuse_154_OMNI_BLOK","C206911","1","Circuit_Protection/Fuses/SMD/Littlefuse"
"ESP32-WROOM-32E-N8","U6","Robast:ESP32-WROOM-32E","C701342","1","Embedded_Solutions/Wireless_RF_Modules/ESP32-WROOM-32E-N8"
"DSWB02LHGET","S1","Robast:DSWB02LHGET","C99421","1","Electromechanical/Switches/Dip_Switches/DSWB02LHGET"
"USB-Micro","X7","Robast:AMPHENOL_USB_Micro_10118194-0001LF","C132563","1","Connectors/USB/Micro/Amphenol"
"330m","R43,R44","Resistor_SMD:R_1210_3225Metric","C2960935","2","Passive_Components/Resistors/FOJAN"
"22","R39","Resistor_SMD:R_0603_1608Metric","C23345","1","Passive_Components/Resistors/UNI-ROYAL"
"0","R24,R25","Resistor_SMD:R_0603_1608Metric","C21189","2","Passive_Components/Resistors/UNI-ROYAL"
"10K","R11,R37,R38","Resistor_SMD:R_0603_1608Metric","C25804","3","Passive_Components/Resistors/UNI-ROYAL"
"330K","R7","Resistor_SMD:R_0603_1608Metric","C23137","1","Passive_Components/Resistors/UNI-ROYAL"
"27K","R5","Resistor_SMD:R_0603_1608Metric","C22967","1","Passive_Components/Resistors/UNI-ROYAL"
"4K7","R3,R4,R42","Resistor_SMD:R_0603_1608Metric","C23162","3","Passive_Components/Resistors/UNI-ROYAL"
"470","R31","Resistor_SMD:R_0402_1005Metric","C25117","1","Passive_Components/Resistors/UNI-ROYAL"
"47K","R30","Resistor_SMD:R_0402_1005Metric","C25792","1","Passive_Components/Resistors/UNI-ROYAL"
"22K","R28","Resistor_SMD:R_0402_1005Metric","C25768","1","Passive_Components/Resistors/UNI-ROYAL"
"120","R12,R13,R14,R15","Resistor_SMD:R_0402_1005Metric","C25079","4","Passive_Components/Resistors/UNI-ROYAL"
"10K","R10,R16,R19,R20,R22,R23,R26,R27,R34,R35,R36,R40,R45","Resistor_SMD:R_0402_1005Metric","C25744","13","Passive_Components/Resistors/UNI-ROYAL"
"100","R9,R18,R21,R29","Resistor_SMD:R_0402_1005Metric","C25076","4","Passive_Components/Resistors/UNI-ROYAL"
"100K","R6,R8,R17,R41,R46","Resistor_SMD:R_0402_1005Metric","C25741","5","Passive_Components/Resistors/UNI-ROYAL"
"330","R2","Resistor_SMD:R_0402_1005Metric","C25104","1","Passive_Components/Resistors/UNI-ROYAL"
"1K","R1,R32,R33","Resistor_SMD:R_0402_1005Metric","C11702","3","Passive_Components/Resistors/UNI-ROYAL"
"LM1117MPX-3.3-NOPB","U12","Package_TO_SOT_SMD:SOT-223-3_TabPin2","C9662","1","Semiconductors/Power_Management/Linear_Voltage_Regulators/LM1117"
"2N7002T-7-F","Q8,Q9","Package_TO_SOT_SMD:SOT-523","C139445","2","Semiconductors/Discrete_Semiconductors/Transistors/MOSFETs/2N7002T-7-F"
"SS8050","Q6,Q7","Package_TO_SOT_SMD:SOT-23","C2150","2","Semiconductors/Discrete_Semiconductors/Transistors/Bipolar_Transistors/SS8050"
"AO3401A","Q3,Q5","Package_TO_SOT_SMD:SOT-23","C15127","2","Semiconductors/Discrete_Semiconductors/Transistors/MOSFETs/AO3401A"
"AO3400A","Q1,Q2,Q4","Package_TO_SOT_SMD:SOT-23","C20917","3","Semiconductors/Discrete_Semiconductors/Transistors/MOSFETs/AO3400A"
"PCA9535PW,118","U7","Package_SO:TSSOP-24_4.4x7.8mm_P0.65mm","C255606","1","Semiconductors/Interface_ICs/IO-Expander/NXP"
"LMR33630","U3","Package_SO:Texas_R-PDSO-G8_EP2.95x4.9mm_Mask2.4x3.1mm_ThermalVias","C841384","1","Semiconductors/Power_Management/Switching_Voltage_Regulators"
"SN75176BDR","U9,U10,U11","Package_SO:SOIC-8_3.9x4.9mm_P1.27mm","C7063","3","Semiconductors/Interface_ICs/RS-422_RS-485/SNx5176B"
"SN65HVD230","U4","Package_SO:SOIC-8_3.9x4.9mm_P1.27mm","C12084","1","Semiconductors/Interface_ICs/CAN"
"CP2102N-A02-GQFN28R","U5","Package_DFN_QFN:QFN-28-1EP_5x5mm_P0.5mm_EP3.35x3.35mm","C964632","1","Semiconductors/Interface_ICs/USB/Silicon_Labs"
"TMC2209-LA","U8","Package_DFN_QFN:QFN-28-1EP_5x5mm_P0.5mm_EP3.1x3.1mm_ThermalVias","C465949","1","Semiconductors/Power_Management/Motor_Controllers/TMC2209-LA"
"Yellow","D2","LED_SMD:LED_0805_2012Metric","C2296","1","Optoelectronics/LED_Emitter/SMD/0805/Yellow/Hubei_Kento_Electronic"
"Red","D1,D4","LED_SMD:LED_0603_1608Metric","C2286","2","Optoelectronics/LED_Emitter/SMD/0603/Red/Hubei_Kento_Electronic"
"ESD5Z5.0T1G","F3,F5,F6","Diode_SMD:D_SOD-523","C82044","3","Circuit_Protection/ESD_Protection_Diodes_TVS_Diodes/onsemi"
"SMF30CA","F1","Diode_SMD:D_SOD-123F","C2990493","1","Circuit_Protection/ESD_Protection_Diodes_TVS_Diodes/Liown"
"SS34","D3","Diode_SMD:D_SMA","C8678","1","Semiconductors/Discrete_Semiconductors/Diodes_Rectifiers/Schottky_Diodes_Rectifiers/SS34"
"Conn_01x08_2.5mm_JST_S04B-XASK-1","X3","Connector_JST:JST_XA_S08B-XASK-1_1x08_P2.50mm_Horizontal","C495695","1","Connectors/JST/XA_Connector"
"Conn_01x04_2.5mm_JST_S04B-XASK-1","X6","Connector_JST:JST_XA_S04B-XASK-1_1x04_P2.50mm_Horizontal","C265097","1","Connectors/JST/XA_Connector"
"Conn_01x03_2.5mm_JST_S04B-XASK-1","X5","Connector_JST:JST_XA_S03B-XASK-1_1x03_P2.50mm_Horizontal","C491707","1","Connectors/JST/XA_Connector"
"Conn_01x02_2.5mm_JST_S02B-XASS-1N-BN","X2","Connector_JST:JST_XA_S02B-XASK-1N-BN_1x02_P2.50mm_Horizontal","C161669","1","Connectors/JST/XA_Connector"
"100u_80V","C1,C37","Capacitor_SMD:CP_Elec_10x10","C249838","2","Passive_Components/Capacitors/Aluminium_Electrolytic_Capacitors/Lelon"
"22u_25V","C9,C10,C12,C13,C28","Capacitor_SMD:C_1206_3216Metric","C12891","5","Passive_Components/Capacitors/MLCC/Samsung_Electro-Mechanics"
"4u7_50V","C4,C5,C6,C24,C32","Capacitor_SMD:C_1206_3216Metric","C29823","5","Passive_Components/Capacitors/MLCC/FH"
"1u_50V","C11,C26","Capacitor_SMD:C_0805_2012Metric","C28323","2","Passive_Components/Capacitors/MLCC/Samsung_Electro-Mechanics"
"220n_50V","C8","Capacitor_SMD:C_0805_2012Metric","C5378","1","Passive_Components/Capacitors/MLCC/Samsung_Electro-Mechanics"
"10u_25V","C2,C3,C14,C18,C19","Capacitor_SMD:C_0603_1608Metric","C96446","5","Passive_Components/Capacitors/MLCC/Samsung_Electro-Mechanics"
"22n_50V","C31","Capacitor_SMD:C_0402_1005Metric","C1532","1","Passive_Components/Capacitors/MLCC/FH"
"100n_50V","C7,C15,C16,C17,C21,C22,C23,C25,C27,C29,C30,C33,C34,C35,C36,C38,C39,C40,C41","Capacitor_SMD:C_0402_1005Metric","C307331","19","Passive_Components/Capacitors/MLCC/Samsung_Electro-Mechanics"
